scenario,layout,run,n,f,commits,budget_kib,locality,tree_bytes_avg,transaction_bytes_avg,total_bytes_avg,commit_ms_avg,commit_ms_p50,commit_ms_p95,flushes,open_read_ops,open_ms,resolve_read_ops_avg,resolve_ms_avg,resolve_ms_p50,resolve_ms_p95,materialize_read_ops,materialize_ms,cache_policy,delta_bytes_avg,folds,max_delta_tail
AB-TRICKLE,flat,1,50000,10,500,128,contiguous,4477891.248,0.000,4477891.248,6.748,6.629,7.968,0,3,15.797,0.000,0.000,0.000,0.000,3,15.797,disabled,0.000,0,0
AB-TRICKLE,betree,1,50000,10,500,128,contiguous,3052.348,889.606,4847.406,2.928,2.889,4.824,0,26,4.378,2.000,0.399,0.354,0.587,0,0.000,disabled,905.452,16,32
AB-REPLACE,flat,1,50000,10,500,128,contiguous,4283603.748,0.000,4283603.748,6.500,6.370,6.970,0,3,13.994,0.000,0.000,0.000,0.000,3,13.994,disabled,0.000,0,0
AB-REPLACE,betree,1,50000,10,500,128,contiguous,2778.232,902.506,4598.330,2.909,2.927,4.576,0,33,4.421,2.000,0.395,0.356,0.515,0,0.000,disabled,917.592,16,32
AB-MIXED,flat,1,50000,10,1000,128,contiguous,4409964.374,0.000,4409964.374,6.611,6.498,7.051,0,3,13.143,0.000,0.000,0.000,0.000,3,13.143,disabled,0.000,0,0
AB-MIXED,betree,1,50000,10,1000,128,contiguous,3121.223,362.235,3845.602,4.658,4.589,7.793,0,13,6.687,2.000,0.397,0.347,0.557,0,0.000,disabled,362.144,32,32
AB-OPEN,flat,1,50000,1,100,128,append,0.000,0.000,0.000,0.000,0.000,0.000,0,3,12.116,0.000,0.000,0.000,0.000,3,12.116,disabled,0.000,0,0
AB-RESOLVE,flat,1,50000,1,100,128,deterministic,0.000,0.000,0.000,0.000,0.000,0.000,0,0,0.000,0.000,0.000,0.000,0.000,0,0.000,disabled,0.000,0,0
AB-OPEN,betree,1,50000,1,100,128,append,0.000,0.000,0.000,0.000,0.000,0.000,0,3,0.740,0.000,0.000,0.000,0.000,68,28.867,disabled,0.000,0,0
AB-RESOLVE,betree,1,50000,1,100,128,deterministic,0.000,0.000,0.000,0.000,0.000,0.000,0,0,0.000,2.000,0.338,0.337,0.354,0,0.000,disabled,0.000,0,0
AB-TRICKLE,flat,2,50000,10,500,128,contiguous,4477891.248,0.000,4477891.248,6.667,6.540,7.166,0,3,15.361,0.000,0.000,0.000,0.000,3,15.361,disabled,0.000,0,0
AB-TRICKLE,betree,2,50000,10,500,128,contiguous,3052.348,889.606,4847.406,3.065,3.185,4.590,0,26,4.112,2.000,0.396,0.352,0.595,0,0.000,disabled,905.452,16,32
AB-REPLACE,flat,2,50000,10,500,128,contiguous,4283603.748,0.000,4283603.748,6.439,6.324,6.820,0,3,12.865,0.000,0.000,0.000,0.000,3,12.865,disabled,0.000,0,0
AB-REPLACE,betree,2,50000,10,500,128,contiguous,2778.360,902.506,4598.458,2.917,2.846,4.616,0,33,4.421,2.000,0.382,0.348,0.508,0,0.000,disabled,917.592,16,32
AB-MIXED,flat,2,50000,10,1000,128,contiguous,4409964.374,0.000,4409964.374,6.609,6.435,7.454,0,3,13.286,0.000,0.000,0.000,0.000,3,13.286,disabled,0.000,0,0
AB-MIXED,betree,2,50000,10,1000,128,contiguous,3121.351,362.235,3845.730,4.511,4.510,7.513,0,13,6.760,2.000,0.389,0.343,0.543,0,0.000,disabled,362.144,32,32
AB-OPEN,flat,2,50000,1,100,128,append,0.000,0.000,0.000,0.000,0.000,0.000,0,3,12.690,0.000,0.000,0.000,0.000,3,12.690,disabled,0.000,0,0
AB-RESOLVE,flat,2,50000,1,100,128,deterministic,0.000,0.000,0.000,0.000,0.000,0.000,0,0,0.000,0.000,0.000,0.000,0.000,0,0.000,disabled,0.000,0,0
AB-OPEN,betree,2,50000,1,100,128,append,0.000,0.000,0.000,0.000,0.000,0.000,0,3,0.786,0.000,0.000,0.000,0.000,68,24.149,disabled,0.000,0,0
AB-RESOLVE,betree,2,50000,1,100,128,deterministic,0.000,0.000,0.000,0.000,0.000,0.000,0,0,0.000,2.000,0.335,0.333,0.358,0,0.000,disabled,0.000,0,0
AB-TRICKLE,flat,3,50000,10,500,128,contiguous,4477891.248,0.000,4477891.248,6.626,6.520,7.030,0,3,13.413,0.000,0.000,0.000,0.000,3,13.413,disabled,0.000,0,0
AB-TRICKLE,betree,3,50000,10,500,128,contiguous,3052.348,889.606,4847.406,2.878,2.855,4.471,0,26,4.127,2.000,0.396,0.347,0.593,0,0.000,disabled,905.452,16,32
AB-REPLACE,flat,3,50000,10,500,128,contiguous,4283603.748,0.000,4283603.748,6.448,6.280,6.836,0,3,13.402,0.000,0.000,0.000,0.000,3,13.402,disabled,0.000,0,0
AB-REPLACE,betree,3,50000,10,500,128,contiguous,2778.744,902.506,4598.842,2.899,2.849,4.640,0,33,4.489,2.000,0.385,0.349,0.514,0,0.000,disabled,917.592,16,32
AB-MIXED,flat,3,50000,10,1000,128,contiguous,4409964.374,0.000,4409964.374,6.647,6.505,7.185,0,3,14.913,0.000,0.000,0.000,0.000,3,14.913,disabled,0.000,0,0
AB-MIXED,betree,3,50000,10,1000,128,contiguous,3121.287,362.235,3845.666,4.698,4.725,7.702,0,13,6.888,2.000,0.394,0.345,0.551,0,0.000,disabled,362.144,32,32
AB-OPEN,flat,3,50000,1,100,128,append,0.000,0.000,0.000,0.000,0.000,0.000,0,3,14.489,0.000,0.000,0.000,0.000,3,14.489,disabled,0.000,0,0
AB-RESOLVE,flat,3,50000,1,100,128,deterministic,0.000,0.000,0.000,0.000,0.000,0.000,0,0,0.000,0.000,0.000,0.000,0.000,0,0.000,disabled,0.000,0,0
AB-OPEN,betree,3,50000,1,100,128,append,0.000,0.000,0.000,0.000,0.000,0.000,0,3,1.308,0.000,0.000,0.000,0.000,68,23.055,disabled,0.000,0,0
AB-RESOLVE,betree,3,50000,1,100,128,deterministic,0.000,0.000,0.000,0.000,0.000,0.000,0,0,0.000,2.000,0.334,0.332,0.352,0,0.000,disabled,0.000,0,0
AB-TRICKLE,flat,1,50000,10,500,128,scattered,4477891.248,0.000,4477891.248,7.097,6.886,7.799,0,3,15.909,0.000,0.000,0.000,0.000,3,15.909,disabled,0.000,0,0
AB-TRICKLE,betree,1,50000,10,500,128,scattered,4567.798,902.020,6376.334,2.956,2.940,4.646,0,2,3.319,2.000,0.475,0.467,0.534,0,0.000,disabled,906.516,19,32
AB-REPLACE,flat,1,50000,10,500,128,scattered,4283603.748,0.000,4283603.748,6.547,6.364,7.283,0,3,13.353,0.000,0.000,0.000,0.000,3,13.353,disabled,0.000,0,0
AB-REPLACE,betree,1,50000,10,500,128,scattered,4581.326,914.984,6414.902,2.939,2.914,4.806,0,9,3.720,2.000,0.468,0.462,0.517,0,0.000,disabled,918.592,19,32
AB-TRICKLE,flat,2,50000,10,500,128,scattered,4477891.248,0.000,4477891.248,6.893,6.712,7.789,0,3,13.319,0.000,0.000,0.000,0.000,3,13.319,disabled,0.000,0,0
AB-TRICKLE,betree,2,50000,10,500,128,scattered,4567.798,902.020,6376.334,2.949,2.988,4.585,0,2,3.495,2.000,0.464,0.461,0.515,0,0.000,disabled,906.516,19,32
AB-REPLACE,flat,2,50000,10,500,128,scattered,4283603.748,0.000,4283603.748,6.614,6.340,7.567,0,3,12.430,0.000,0.000,0.000,0.000,3,12.430,disabled,0.000,0,0
AB-REPLACE,betree,2,50000,10,500,128,scattered,4581.326,914.984,6414.902,2.934,2.924,4.591,0,9,3.587,2.000,0.464,0.463,0.515,0,0.000,disabled,918.592,19,32
AB-TRICKLE,flat,3,50000,10,500,128,scattered,4477891.248,0.000,4477891.248,6.772,6.690,7.185,0,3,13.743,0.000,0.000,0.000,0.000,3,13.743,disabled,0.000,0,0
AB-TRICKLE,betree,3,50000,10,500,128,scattered,4567.798,902.020,6376.334,2.955,2.925,4.756,0,2,3.383,2.000,0.471,0.464,0.528,0,0.000,disabled,906.516,19,32
AB-REPLACE,flat,3,50000,10,500,128,scattered,4283603.748,0.000,4283603.748,6.548,6.375,7.051,0,3,12.626,0.000,0.000,0.000,0.000,3,12.626,disabled,0.000,0,0
AB-REPLACE,betree,3,50000,10,500,128,scattered,4581.326,914.984,6414.902,3.102,3.130,5.007,0,9,3.641,2.000,0.464,0.464,0.509,0,0.000,disabled,918.592,19,32
